project,pack,relative_path,category,confirmed_asset_type,evidence,dependencies,game_use,milestone,integration_hook,portability,conversion_work,priority,confidence,preview_reviewed,export_verified,notes
survival project/SimpleMultiplayerSurvival,sA_Megapack_v1,Content/sA_Megapack_v1/sA_Projectilevfx/Vfx/Materials/Textures/Noise00.png,VFX noise texture,PNG raster image; dimensions/channels checked from PNG header,"1024x1024 RGBA; original source PNG viewed directly; shortlisted for smoke/fire/water breakup, not a complete effect",Standalone raster; no dependency identified,Noise/breakup input for VFX shader or particles; compare with procedural noise,M4.8 VFX polish; first low-cost canary,Copy as raster asset then reference from a specific src/render/vfx shader/particle; no current effect binding,Direct raster source; web-loadable after integration,"Confirm data/color-space treatment, UV tiling, GPU/download cost and visual readability",Alta; primera prueba de bajo coste,High for source pixels/format; runtime fit unverified,Original source PNG viewed directly,false,Same-named copies occur in other sA subfolders; this row pins the summary path. Deduplicate by hash before adding another copy.
survival project/SimpleMultiplayerSurvival,sA_Megapack_v1,Content/sA_Megapack_v1/sA_Projectilevfx/Vfx/Materials/Textures/Noise10.png,VFX turbulence texture,PNG raster image; dimensions/channels checked from PNG header,"2048x2048 RGB; original source PNG viewed directly; turbulent swirls, candidate distortion/breakup map",Standalone raster; no dependency identified,Turbulence for water/energy VFX; not an effect by itself,M4.8 VFX polish; after Noise00 canary,Copy as raster input to a selected src/render/vfx shader; no current binding,Direct raster source; web-loadable after integration,"Check RGB interpretation, reduce resolution if needed, compare to procedural effect",Media/alta; follow-up texture proof,High for source pixels/format; runtime fit unverified,Original source PNG viewed directly,false,Same-named copies occur in other sA subfolders; do not import every pack copy.
survival project/SimpleMultiplayerSurvival,Dreamrise_SMSK,Content/Dreamrise_SMSK/Assets/Meshes/SM_SmallWoodeHut.uasset,Land-home mesh candidate,unknown,Path/name identifies hut candidate; related BP_Building_Base thumbnail reviewed and shows a small elevated hut with roof/ramp,"BP_Building_Base.uasset references this mesh, M_BuildingGhost and Engine actors by serialized names; graph/dependencies not fully verified",Visible prefabricated land home; not a modular walls/foundation kit,M8 P1 land-home prototype; not M6 naval construction,Planned assets.model(build:house) plus a future M8 builder render hook; neither is currently wired,Potentially exportable static model; not browser-loadable as uasset,"Export GLB with referenced materials; inspect full mesh, scale, pivot, UVs and toon fit",Media for M8; not a modular kit,Medium for hut identity from path plus related thumbnail; low for export/fit,Thumbnail only: previews/BP_Building_Base_1.jpg; source mesh itself not viewed,false,"The preview is associated Blueprint artwork, not a source-mesh render."
survival project/SimpleMultiplayerSurvival,Dreamrise_SMSK,Content/Dreamrise_SMSK/Assets/Meshes/SM_RepairBench.uasset,Workshop mesh candidate,unknown,Path/name plus related BP_Building_Bench thumbnail reviewed as a work table,BP_Building_Bench.uasset and BP_Building_Base; mesh/material dependencies not completely resolved,Workshop/repair-bench visual prop; does not establish repair or production rules,M8 workshop prototype,Planned assets.model(build:repair-bench) and new workshop render hook; ID/hook not present today,Potentially exportable static model; not browser-loadable as uasset,"Export GLB/materials; verify scale, style and dependencies; build crafting/reparation separately","Alta for workshop prototype, per principal summary",Medium for bench form from related thumbnail; low for export/runtime,Thumbnail only: previews/BP_Building_Bench_1.jpg; source mesh itself not viewed,false,Do not infer a working repair/crafting system from the asset name.
survival project/SimpleMultiplayerSurvival,Dreamrise_SMSK,Content/Dreamrise_SMSK/Assets/Meshes/SM_StoragePart_03.uasset,Storage/loot prop candidate,unknown,Path/name indicates storage part; associated BP_LootBox thumbnail reviewed as an open box,BP_LootBox.uasset references BPC_SMSK_LootComponent and BPI_InteractionSystem by serialized names,Visual box/bodega prop for home or raft; not persistent player storage,M6/M8 visual prop only,"Potential assets.propId(crate) mapping after shape review; crate is a supported kind, but no current manifest entry is implied. Otherwise assets.model(id) plus a render hook.",Potentially exportable static model; no Blueprint logic ports,Export GLB/materials; compare silhouette with crate and add game-owned permissions/content/persistence,Alta as prop; storage system pending,Medium for box form from related thumbnail; low for export/ownership,"Thumbnail only: previews/BP_LootBox_1.jpg; it is the related lootbox BP, not a direct mesh render",false,No claim of persistent storage or safe cargo from the lootbox preview.
survival project/SimpleMultiplayerSurvival,Dreamrise_SMSK,"folder-family: Content/Dreamrise_SMSK/Assets/Meshes/{SM_Torch,SM_Logs,SM_Rock,SM_BuildPlan,SM_Hammer}.uasset",Survival resource/tool props,unknown,"Principal shortlist names torch, logs, rock, build plan and hammer as visible environment/resource/tool candidates",Mesh materials/textures and any associated BP refs not resolved,Workshop/gathering/environment props; not a construction system,M8 village/workshop props; optional gathering visuals,Future assets.model(id) render hooks; no per-ID hooks/current manifest entry established,Potentially exportable models; not browser-loadable as uasset,"Export selected props with materials; inspect scale, style and dependencies; implement light/gathering semantics separately",Media,"Low-medium; path/name evidence only, source assets not previewed",No direct source or related thumbnail review recorded for this row,false,"Family row is explicitly a set of five named mesh candidates, not an assertion that they compose modularly."
survival project/SimpleMultiplayerSurvival,Dreamrise_SMSK,Content/Dreamrise_SMSK/Blueprints/BP_Holdable_BuildHammer.uasset,Construction interaction Blueprint reference,unknown,"Sampled strings include ghost preview, build requirements, rotation and server build request; related hammer thumbnail is catalogued in project report","BP_Holdable_BuildHammer_Bench/Torch variants, building BPs, recipe/requirement widgets and inventory structs are string/path clues; full graph not verified",Reference for placement preview/requirements flow for land or raft construction; logic must be recreated,M6/M8 construction UX reference,Recreate client preview/request plus server checks alongside future builder and raft systems; do not load Blueprint,Design reference only; Blueprint graph is not portable,"Inspect Blueprint later; specify game-owned validation, ownership, placement limits and persistence","Alta as reference, not implementation",Medium for serialized flow terms; security/behavior unverified,Not reviewed as a visual preview in the principal summary,false,Do not treat the serialized server-request name as proof of server-side validation.
ActionRPGMultiplayerStart,ActionRPGStarterSystem,folder-family: Content/ActionRPGStarterSystem/InventorySystem/** (representatives: Content/ActionRPGStarterSystem/InventorySystem/Components/BP_InventoryComponent.uasset; Crafting/Blueprint/BP_CraftingMain.uasset; Vendor/BP_VendorMain.uasset; MPContainers/MP_WorldContainer.uasset; SaveSystem/BP_JigServerSave.uasset),Inventory/crafting/vendor/container/save system family,unknown,"Folder inventory plus bounded strings include AddNewInventoryItem, TransferItems, CheckIfCanAddTradeItems, CheckTradingDistance, ClientRequestCraft, CraftItem, AddCurrency, LoadSaves and CLIENT/Server-named responses","Related inventory structs, ServerSlotInfoArray, crafting recipe/data, vendor data and save assets; serialized refs only, full dependency graph not established","Reference data/flow for persistent inventory, crafting, vendors, storage and trading across M6/M7/M8",M6/M7/M8; architecture reference only,"Reimplement selected invariants in src/sim/economy/raft.js, cargo.js, market.js and server-owned profile/persistence; exact hooks to be designed",Blueprints/data are not executable in Three.js/Node; only selected design/data concepts may transfer,"Inspect schemas/graphs in Unreal later; implement authoritative ownership, validation, idempotent transactions, sane defaults and migration in game",Alta as architecture reference,Medium for family organization and sampled strings; behavior/security unverified,No pack artwork reviewed for this family,false,"Server/CLIENT labels do not prove robust authority, persistence or anti-duplication."
MyProject,SlashTrailElemental; ArrowTrail; SwordTrailVFX,folder-family: Content/SlashTrailElemental/** (representative Content/SlashTrailElemental/Niagara/Fire/NS_SlashTrail_Fire.uasset); Content/ArrowTrail/** (representative Content/ArrowTrail/FX/NS_ArrowTrail_Fire.uasset); Content/SwordTrailVFX/** (representative Content/SwordTrailVFX/VFX/NS_Trail_01.uasset),Combat trails/projectiles/elemental VFX family,unknown,Project report identifies elemental slash/trail variants and likely projectile trails by folder and filenames,Niagara/material/texture/mesh refs are pack-specific and not resolved,"Select a small number of M4.8 attack, projectile and impact looks; do not include whole packs",M4.8 visual polish after mechanics are locked,Recreate selected looks/trigger timing in src/render/vfx/**; export individual maps/meshes only if useful,Blueprint/Niagara behavior not portable; selected source maps may be exportable,"Preview chosen systems, inspect dependencies, budget and recreate with Three.js pools/shaders",Alta for a few VFX; adaptation medium/high,Medium for pack and filename evidence; no runtime behavior verified,No live-system preview recorded for these representatives,false,Folder-family row; representatives are exact relative paths. No claim that every variant is useful.
MyProject,BigNiagaraBundle,folder-family: Content/BigNiagaraBundle/NiagaraWeather/Effects/** (representatives: Content/BigNiagaraBundle/NiagaraWeather/Effects/NS_Rain.uasset; Content/BigNiagaraBundle/NiagaraWeather/Effects/NS_Rain_Windy.uasset; Content/BigNiagaraBundle/NiagaraWeather/Effects/NS_FallingLeaves_Windy.uasset),Weather/ambient VFX family,unknown,"Rain thumbnail reviewed; filenames indicate rain, windy rain and falling leaves",Niagara systems/materials/textures and parameters not fully resolved,"Light rain/wind/foliage for later routes/ports, subject to clarity/performance",Future environment after housing and combat readability,Recreate selected effect in src/render/vfx/**; no Niagara loader exists,Reference only; no system export path,Review effects/dependencies in Unreal; create a lightweight Three.js version and measure it,"Media, later",Medium for rain thumbnail; actual animation/performance unverified,Thumbnail only: previews/NS_Rain.png; not the source system running,false,Do not load the whole Niagara bundle into the browser.
MyProject,NiagaraExamples; _SplineVFX,folder-family: Content/NiagaraExamples/FX_Weapons/Impacts/NS_Impact_Wood.uasset; Content/NiagaraExamples/FX_Smoke/NS_Chimney_Smoke.uasset; Content/_SplineVFX/NS/NS_Spline_WaterSplash.uasset,Impact/smoke/spline-water VFX family,unknown,"Paths/names identify wood impact, chimney smoke and water splash; project report lists thumbnail-only source previews for smoke/spline splash","Materials, textures, Niagara and spline BP dependencies unverified","Wood/metal impacts, workshop smoke, ship wake/splash visual reference",Future naval/port visuals; selected impacts may inform M4.8,Recreate under src/render/vfx/** using game-owned events/pools; no current Niagara bridge,Reference only; selected textures may export separately,Inspect individual systems and alpha/material behavior; implement a minimal effect with Three.js,Media for naval future,Medium for names and associated thumbnail; live simulation unverified,Thumbnails only: previews/NS_Chimney_Smoke.jpg and previews/NS_Spline_WaterSplash.jpg; not live systems,false,Folder-family row; do not equate gallery samples with a naval effect system.
MyProject,SlashTrailElemental,Content/SlashTrailElemental/Resource/Audio/Water/SW_Water_Slash_01.uasset,Combat/water slash audio,unknown,Project report identifies this exact SoundWave-named file in the elemental slash pack,Cue/mixer/event dependencies and encoded audio format unverified,Water slash sound candidate for combat abilities/interactions,M4.8 polish after mechanics lock,"Export audio to a web format, then add loader and event routing in src/audio/**",Audio package not directly browser-loadable; SoundCue logic would need recreation,"Listen and export only if it adds value; implement bus, volume and event ownership",Media,Low-medium; exact path/name only; not auditioned,Not previewed or auditioned,false,"The SW filename is a clue, not a confirmed decoded audio class/format."
MyProject,SlashTrailElemental demo,folder-family: Content/SlashTrailElemental/Demo/ParagonSunWukong/**; Content/SlashTrailElemental/Demo/ParagonKwang/** (representative: Content/SlashTrailElemental/Demo/ParagonSunWukong/Characters/Heroes/Wukong/Meshes/Wukong.uasset),Paragon demo humanoid models,unknown,Project report names Paragon Wukong/Kwang demo characters; geometry/rig/style not evaluated.,Demo rigs/materials/animations not resolved.,Optional humanoid NPC/enemy variety after rig/style review.,Future combat/NPC polish,Potential charLook after mapping to game rig; demo assets have no current binding.,Potentially exportable; clips are not played by current character runtime.,"Preview mesh, map bones to game 15-bone rig, measure file/triangles.",Baja until verified,Low; folder/name evidence only,Not previewed; source mesh/rig not inspected,false,Folder-family row for demo candidates; representative path is exact. No behavior is inferred.
survival project/SimpleMultiplayerSurvival,Dreamrise_SMSK,Content/Dreamrise_SMSK/Blueprints/BP_ZombieAI.uasset,Zombie AI Blueprint candidate,unknown,Project report lists BP_ZombieAI as a character/enemy candidate; no graph/mesh behavior validated.,AI/character/mesh references not resolved.,Optional enemy behavior reference; recreate AI on game server if useful.,Future enemy variety,No Blueprint runtime; reimplement any selected behavior in server-owned AI.,Design reference only; Blueprint does not execute in game runtime.,Inspect graph/dependencies in Unreal later; implement deterministic server behavior.,Baja until verified,Low; path/name evidence only,Not previewed; source Blueprint/character not reviewed,false,AI class name does not prove a usable zombie mesh or correct replicated behavior.
ActionRPGMultiplayerStart,ActionRPGStarterSystem,Content/ActionRPGStarterSystem/Widgets/Images/ItemImages/T_SwordImage.uasset,Inventory item icon,unknown,Exact path/name from inventory; no source image preview in this inspection,Any Unreal texture/compression settings not resolved,Possible sword icon for later inventory/equipment UI,Future M7 inventory UI,Export raster then connect to a game-owned icon table/UI hook; no direct UMG support,Not directly loadable as uasset; texture may export to PNG,"Export image and check dimensions, alpha and style before adding",Media per principal summary; supplemental exact icon,Low-medium; path/name only,Not previewed; no original/source image inspected,false,A filename ending Image does not establish resolution or image quality.
ActionRPGMultiplayerStart,ActionRPGStarterSystem,Content/ActionRPGStarterSystem/Widgets/Images/ItemImages/T_HPBottle.uasset,Health-potion UI icon,unknown,Exact path/name from inventory; no source image preview in this inspection,Texture settings and associated UI dependencies not resolved,Possible health-item icon for future inventory/UI,Future item/inventory UI; no milestone committed,Export raster and add to game-owned UI icon map; no current Unreal widget runtime,Not directly loadable as uasset; texture may export to PNG,"Export image; inspect alpha, resolution and palette, then test in current UI","Media, supplemental",Low-medium; filename/path evidence only,Not previewed; no original/source image inspected,false,Separate visual icon candidate from item behavior/economy.
ActionRPGMultiplayerStart,ActionRPGStarterSystem,Content/ActionRPGStarterSystem/Assets/PickupMeshes/O_Potion/SM_Potion.uasset,Potion/pickup model,unknown,Exact mesh candidate from inventory; file is a compact package by source size; no visual preview,Material/texture refs not inspected,Potential potion pickup/prop appearance; does not define healing behavior,Future loot/equipment visuals,Export GLB and connect with a new item/prop rendering hook through assets.model(id); hook not currently present,Potential model export; not browser-loadable as uasset,"Export with dependencies; verify mesh class, silhouette, scale, materials and toon fit",Media per principal summary; supplemental,Low-medium; path/name only,Not previewed; source mesh not inspected,false,Do not infer static-mesh class from SM_ filename.
ActionRPGMultiplayerStart,ActionRPGStarterSystem,Content/ActionRPGStarterSystem/Assets/BasicEnemy/BasicEnemy.uasset,Enemy model candidate,unknown,"Exact path/name; adjacent folder contains filenames for attack, idle, spin attack, skeleton and animation blueprint","Adjacent animations/skeleton suggest a linked family, but dependencies and class are unverified",Potential enemy appearance/animation source after review,Future enemy variety,"If humanoid and mapped, use charLook; otherwise add a custom enemy renderer. Gameplay remains server-owned",Potentially exportable; rig/clips not supported as direct runtime replacement,"Preview in Unreal; verify mesh class/rig, export, adapt skeleton and budget",Baja until verified,Low; filename/family clues only,Not previewed; source mesh/rig not inspected,false,The animation filenames do not prove they bind to this mesh or export correctly.
ActionRPGMultiplayerStart,ActionRPGStarterSystem,Content/ActionRPGStarterSystem/Assets/Spider/SK_Spider.uasset,Spider enemy model candidate,unknown,"Exact path/name; adjacent folder has spider skeleton, animation blueprint, attack/idle/walk/stun clips and three texture maps","Spider skeleton, animation, materials and textures appear as family paths; exact asset dependencies unverified",Possible spider enemy reference/appearance,Future enemy variety,Needs new quadruped renderer/animation or a deliberate rigid prop treatment; AI/sim stays server-owned,Potentially exportable; current humanoid 15-bone pipeline does not support quadruped animation,"Preview; verify rig/skin, textures, polygons and whether a dedicated animator is justified",Baja until verified,Low; names and folder-family evidence only,Not previewed; source mesh/rig not inspected,false,Do not count the UE animation clips as playable in the current Three.js runtime.
ActionRPGMultiplayerStart,ActionRPGStarterSystem,folder-family: Content/ActionRPGStarterSystem/Assets/SmallPlane/SK_SmallPlane.uasset; Content/ActionRPGStarterSystem/Mounts/BP_FlyingMount.uasset; Content/ActionRPGStarterSystem/Mounts/BP_Mount.uasset,Optional future aerial vehicle/mount reference,unknown,Exact plane/mount candidate names; adjacent plane animation/audio/material/texture assets are listed in source inventory,Plane skeleton/animation/material/audio and mount BP/interface families; full dependencies unverified,"Optional visual inspiration for distant future air-travel; not naval, not modular housing",Future only; no current milestone or design decision,A static preview could use assets.model(id); flight/mount behavior requires new renderer/sim and explicit design,Potential art export only; no vehicle-control system transfers,Preview geometry and export only if aerial direction is selected; test size/style; build controls separately,"Baja, optional future-air reference",Low; filename/family clues only,Not previewed; no source mesh/rig inspected,false,"Explicitly not a replacement for boat hull, sail, rudder or modular home assets."
